{"cameraMode":{"drawMode":0,"name":"Shaded","section":"Shading Mode"},"sceneLighting":false,"audioPlay":false,"sceneViewState":{"m_AlwaysRefresh":false,"showFog":true,"showSkybox":false,"showFlares":true,"showImageEffects":true,"showParticleSystems":true,"showVisualEffectGraphs":true,"m_FxEnabled":true},"in2DMode":false,"pivot":{"x":12.863914489746094,"y":2.940000057220459,"z":5.110351085662842},"rotation":{"x":-0.03119380958378315,"y":0.9611515402793884,"z":-0.12205199897289276,"w":-0.24562586843967439},"size":1.4116746187210084,"orthographic":false}