{"cameraMode":{"drawMode":0,"name":"Shaded","section":"Shading Mode"},"sceneLighting":false,"audioPlay":false,"sceneViewState":{"m_AlwaysRefresh":false,"showFog":true,"showSkybox":false,"showFlares":true,"showImageEffects":true,"showParticleSystems":true,"showVisualEffectGraphs":true,"m_FxEnabled":true},"in2DMode":false,"pivot":{"x":8.2545804977417,"y":1.1031982898712159,"z":-0.00007200241088867188},"rotation":{"x":-0.4595416188240051,"y":0.09319895505905152,"z":-0.0485420897603035,"w":-0.8820264339447022},"size":1.7351444959640504,"orthographic":false}