{"cameraMode":{"drawMode":0,"name":"Shaded","section":"Shading Mode"},"sceneLighting":false,"audioPlay":false,"sceneViewState":{"m_AlwaysRefresh":false,"showFog":true,"showSkybox":false,"showFlares":true,"showImageEffects":true,"showParticleSystems":true,"showVisualEffectGraphs":true,"m_FxEnabled":true},"in2DMode":false,"pivot":{"x":9.457266807556153,"y":1.7492889165878297,"z":-0.9058560729026794},"rotation":{"x":0.23838701844215394,"y":0.3040260672569275,"z":-0.07886563241481781,"w":0.9189791083335877},"size":0.4807584881782532,"orthographic":false}